surface,localisation,prix,statut,description,type
262 m²,Tit Mellil,1 388 600 DH,Occasion,Terrain à vendre à Tit Mellil,Terrain
335 m²,Settat,603 000 DH,Occasion,Beau terrain pour villa à vendre à Settat,Terrain pour villa
117 m²,Berrechid,356 850 DH,Occasion,Terrain à acheter à Ouislane. Surface de 117 m²,Terrain
180 m²,Settat,414 000 DH,Occasion,Terrain à vendre Route Ouled Said à Settat,Terrain
480 m²,el Jadida,2 203 400 DH,Occasion,Terrain pour Villa 480 m² à Sala el Jadida,Terrain pour villa
770 m²,Jnane Soualem,1 247 400 DH,Occasion,Terrain à vendre à Jnane Soualem,Terrain
,Tanger,878 000 DH,Neuf,Les Jardins de Mesnana Golf Tranches 15 & 16,Terrain
150 m²,Béni Yakhlef,735 000 DH,Occasion,Terrain à la vente à Beni Yakhlef Mohemmadia,Terrain
150 m²,Béni Yakhlef,705 000 DH,Occasion,Terrain à la vente à Béni Yakhlef Mohemmadia,Terrain
288 m²,Tit Mellil,1 382 400 DH,Occasion,Terrain à la vente à Tit Mellil,Terrain
150 m²,Béni Yakhlef,675 000 DH,Occasion,Terrain à vendre à Beni Yakhlef Mohemmadia,Terrain
303 m²,Had Soualem,1 363 500 DH,Occasion,Vente terrain à Had Soualem,Terrain
91 m²,Settat,298 480 DH,Occasion,Terrain à vendre Route Ouled Said à Settat,Terrain
217 m²,Settat,531 650 DH,Occasion,Terrain à vendre Route Ouled Said à Settat,Terrain
493 m²,Had Soualem,1 257 660 DH,Occasion,Terrain en vente à Had Soualem. Surface de 493 m²,Terrain
537 m²,Casablanca,9 397 500 DH,Occasion,Vente terrain à Ain Diab. Surface totale 537 m²,Terrain
17200 m²,Tit Mellil,17 200 000 DH,Occasion,Beau terrain à la vente à Tit Mellil.,Terrain
271 m²,Casablanca,9 200 000 DH,Occasion,Terrain à vendre sur Gauthier,Terrain
50000 m²,Marrakech,50 000 000 DH,Occasion,Terrain à vendre à Route de l'Ourika. Surface totale 50000 m...,Terrain
957 m²,Casablanca,15 500 000 DH,Occasion,Villa a démolir sur Chantilly 957 m,Terrain pour villa
101 m²,,398 950 DH,Occasion,Terrain à vendre à Oualidia,Terrain
101 m²,,398 950 DH,Occasion,Beau terrain à vendre à Oualidia,Terrain
298 m²,Nador,983 400 DH,Occasion,Vente de terrain à Plage Oued Cherrat,Terrain
10680 m²,Marrakech,2 500 000 DH,Occasion,"Terrain titré 1,68 ha à 23 km de Marrakech",Terrain
96 m²,Tiznit,420 000 DH,Occasion,Vente terrain à Tiznit. Surface totale 96 m²,Terrain
11760 m²,Marrakech,3 000 000 DH,Occasion,Terrain à vendre à Route de l'Ourika.,Terrain
234 m²,,1 755 000 DH,Occasion,Vente terrain à la T 2,Terrain
120 m²,Tanger,260 000 DH,Occasion,Terrain 120 m² à vendre à Tanger –,Terrain
1489 m²,Mohammedia,12 000 000 DH,Occasion,UNIQUE. – Deux Terrains Rares front de Mer – Mannesmann Moha...,Terrain
200 m²,Tétouan,15 000 DH,Occasion,"Saniat Errmel, Tétouan",Terrain
30000 m²,Casablanca,2 000 000 DH,Occasion,Ferme 3 hectares a vendre à Ta3init,Terrain
262 m²,Tit Mellil,1 388 600 DH,Occasion,Terrain à vendre à Tit Mellil,Terrain
335 m²,Settat,603 000 DH,Occasion,Beau terrain pour villa à vendre à Settat,Terrain pour villa
117 m²,Berrechid,356 850 DH,Occasion,Terrain à acheter à Ouislane. Surface de 117 m²,Terrain
180 m²,Settat,414 000 DH,Occasion,Terrain à vendre Route Ouled Said à Settat,Terrain
480 m²,el Jadida,2 203 400 DH,Occasion,Terrain pour Villa 480 m² à Sala el Jadida,Terrain pour villa
770 m²,Jnane Soualem,1 247 400 DH,Occasion,Terrain à vendre à Jnane Soualem,Terrain
,,824 350 DH,Neuf,,Terrain
150 m²,Béni Yakhlef,735 000 DH,Occasion,Terrain à la vente à Beni Yakhlef Mohemmadia,Terrain
150 m²,Béni Yakhlef,705 000 DH,Occasion,Terrain à la vente à Béni Yakhlef Mohemmadia,Terrain
288 m²,Tit Mellil,1 382 400 DH,Occasion,Terrain à la vente à Tit Mellil,Terrain
150 m²,Béni Yakhlef,675 000 DH,Occasion,Terrain à vendre à Beni Yakhlef Mohemmadia,Terrain
303 m²,Had Soualem,1 363 500 DH,Occasion,Vente terrain à Had Soualem,Terrain
91 m²,Settat,298 480 DH,Occasion,Terrain à vendre Route Ouled Said à Settat,Terrain
217 m²,Settat,531 650 DH,Occasion,Terrain à vendre Route Ouled Said à Settat,Terrain
493 m²,Had Soualem,1 257 660 DH,Occasion,Terrain en vente à Had Soualem. Surface de 493 m²,Terrain
537 m²,Casablanca,9 397 500 DH,Occasion,Vente terrain à Ain Diab. Surface totale 537 m²,Terrain
17200 m²,Tit Mellil,17 200 000 DH,Occasion,Beau terrain à la vente à Tit Mellil.,Terrain
271 m²,Casablanca,9 200 000 DH,Occasion,Terrain à vendre sur Gauthier,Terrain
50000 m²,Marrakech,50 000 000 DH,Occasion,Terrain à vendre à Route de l'Ourika. Surface totale 50000 m...,Terrain
957 m²,Casablanca,15 500 000 DH,Occasion,Villa a démolir sur Chantilly 957 m,Terrain pour villa
101 m²,,398 950 DH,Occasion,Terrain à vendre à Oualidia,Terrain
101 m²,,398 950 DH,Occasion,Beau terrain à vendre à Oualidia,Terrain
298 m²,Nador,983 400 DH,Occasion,Vente de terrain à Plage Oued Cherrat,Terrain
10680 m²,Marrakech,2 500 000 DH,Occasion,"Terrain titré 1,68 ha à 23 km de Marrakech",Terrain
96 m²,Tiznit,420 000 DH,Occasion,Vente terrain à Tiznit. Surface totale 96 m²,Terrain
11760 m²,Marrakech,3 000 000 DH,Occasion,Terrain à vendre à Route de l'Ourika.,Terrain
234 m²,,1 755 000 DH,Occasion,Vente terrain à la T 2,Terrain
120 m²,Tanger,260 000 DH,Occasion,Terrain 120 m² à vendre à Tanger –,Terrain
1489 m²,Mohammedia,12 000 000 DH,Occasion,UNIQUE. – Deux Terrains Rares front de Mer – Mannesmann Moha...,Terrain
200 m²,Tétouan,15 000 DH,Occasion,"Saniat Errmel, Tétouan",Terrain
262 m²,Tit Mellil,1 388 600 DH,Occasion,Terrain à vendre à Tit Mellil,Terrain
335 m²,Settat,603 000 DH,Occasion,Beau terrain pour villa à vendre à Settat,Terrain pour villa
117 m²,Berrechid,356 850 DH,Occasion,Terrain à acheter à Ouislane. Surface de 117 m²,Terrain
180 m²,Settat,414 000 DH,Occasion,Terrain à vendre Route Ouled Said à Settat,Terrain
480 m²,el Jadida,2 203 400 DH,Occasion,Terrain pour Villa 480 m² à Sala el Jadida,Terrain pour villa
770 m²,Jnane Soualem,1 247 400 DH,Occasion,Terrain à vendre à Jnane Soualem,Terrain
,,1 328 000 DH,Neuf,Résidence Yasmine Temara,Terrain
150 m²,Béni Yakhlef,735 000 DH,Occasion,Terrain à la vente à Beni Yakhlef Mohemmadia,Terrain
150 m²,Béni Yakhlef,705 000 DH,Occasion,Terrain à la vente à Béni Yakhlef Mohemmadia,Terrain
288 m²,Tit Mellil,1 382 400 DH,Occasion,Terrain à la vente à Tit Mellil,Terrain
150 m²,Béni Yakhlef,675 000 DH,Occasion,Terrain à vendre à Beni Yakhlef Mohemmadia,Terrain
303 m²,Had Soualem,1 363 500 DH,Occasion,Vente terrain à Had Soualem,Terrain
91 m²,Settat,298 480 DH,Occasion,Terrain à vendre Route Ouled Said à Settat,Terrain
217 m²,Settat,531 650 DH,Occasion,Terrain à vendre Route Ouled Said à Settat,Terrain
493 m²,Had Soualem,1 257 660 DH,Occasion,Terrain en vente à Had Soualem. Surface de 493 m²,Terrain
537 m²,Casablanca,9 397 500 DH,Occasion,Vente terrain à Ain Diab. Surface totale 537 m²,Terrain
17200 m²,Tit Mellil,17 200 000 DH,Occasion,Beau terrain à la vente à Tit Mellil.,Terrain
271 m²,Casablanca,9 200 000 DH,Occasion,Terrain à vendre sur Gauthier,Terrain
50000 m²,Marrakech,50 000 000 DH,Occasion,Terrain à vendre à Route de l'Ourika. Surface totale 50000 m...,Terrain
957 m²,Casablanca,15 500 000 DH,Occasion,Villa a démolir sur Chantilly 957 m,Terrain pour villa
101 m²,,398 950 DH,Occasion,Terrain à vendre à Oualidia,Terrain
101 m²,,398 950 DH,Occasion,Beau terrain à vendre à Oualidia,Terrain
298 m²,Nador,983 400 DH,Occasion,Vente de terrain à Plage Oued Cherrat,Terrain
10680 m²,Marrakech,2 500 000 DH,Occasion,"Terrain titré 1,68 ha à 23 km de Marrakech",Terrain
96 m²,Tiznit,420 000 DH,Occasion,Vente terrain à Tiznit. Surface totale 96 m²,Terrain
11760 m²,Marrakech,3 000 000 DH,Occasion,Terrain à vendre à Route de l'Ourika.,Terrain
234 m²,,1 755 000 DH,Occasion,Vente terrain à la T 2,Terrain
120 m²,Tanger,260 000 DH,Occasion,Terrain 120 m² à vendre à Tanger –,Terrain
1489 m²,Mohammedia,12 000 000 DH,Occasion,UNIQUE. – Deux Terrains Rares front de Mer – Mannesmann Moha...,Terrain
200 m²,Tétouan,15 000 DH,Occasion,"Saniat Errmel, Tétouan",Terrain
262 m²,Tit Mellil,1 388 600 DH,Occasion,Terrain à vendre à Tit Mellil,Terrain
335 m²,Settat,603 000 DH,Occasion,Beau terrain pour villa à vendre à Settat,Terrain pour villa
117 m²,Berrechid,356 850 DH,Occasion,Terrain à acheter à Ouislane. Surface de 117 m²,Terrain
180 m²,Settat,414 000 DH,Occasion,Terrain à vendre Route Ouled Said à Settat,Terrain
480 m²,el Jadida,2 203 400 DH,Occasion,Terrain pour Villa 480 m² à Sala el Jadida,Terrain pour villa
770 m²,Jnane Soualem,1 247 400 DH,Occasion,Terrain à vendre à Jnane Soualem,Terrain
,Marrakech,1 325 000 DH,Neuf,En cours de construction,Terrain
150 m²,Béni Yakhlef,735 000 DH,Occasion,Terrain à la vente à Beni Yakhlef Mohemmadia,Terrain
150 m²,Béni Yakhlef,705 000 DH,Occasion,Terrain à la vente à Béni Yakhlef Mohemmadia,Terrain
288 m²,Tit Mellil,1 382 400 DH,Occasion,Terrain à la vente à Tit Mellil,Terrain
150 m²,Béni Yakhlef,675 000 DH,Occasion,Terrain à vendre à Beni Yakhlef Mohemmadia,Terrain
303 m²,Had Soualem,1 363 500 DH,Occasion,Vente terrain à Had Soualem,Terrain
91 m²,Settat,298 480 DH,Occasion,Terrain à vendre Route Ouled Said à Settat,Terrain
217 m²,Settat,531 650 DH,Occasion,Terrain à vendre Route Ouled Said à Settat,Terrain
493 m²,Had Soualem,1 257 660 DH,Occasion,Terrain en vente à Had Soualem. Surface de 493 m²,Terrain
537 m²,Casablanca,9 397 500 DH,Occasion,Vente terrain à Ain Diab. Surface totale 537 m²,Terrain
17200 m²,Tit Mellil,17 200 000 DH,Occasion,Beau terrain à la vente à Tit Mellil.,Terrain
271 m²,Casablanca,9 200 000 DH,Occasion,Terrain à vendre sur Gauthier,Terrain
50000 m²,Marrakech,50 000 000 DH,Occasion,Terrain à vendre à Route de l'Ourika. Surface totale 50000 m...,Terrain
957 m²,Casablanca,15 500 000 DH,Occasion,Villa a démolir sur Chantilly 957 m,Terrain pour villa
101 m²,,398 950 DH,Occasion,Terrain à vendre à Oualidia,Terrain
101 m²,,398 950 DH,Occasion,Beau terrain à vendre à Oualidia,Terrain
298 m²,Nador,983 400 DH,Occasion,Vente de terrain à Plage Oued Cherrat,Terrain
10680 m²,Marrakech,2 500 000 DH,Occasion,"Terrain titré 1,68 ha à 23 km de Marrakech",Terrain
96 m²,Tiznit,420 000 DH,Occasion,Vente terrain à Tiznit. Surface totale 96 m²,Terrain
11760 m²,Marrakech,3 000 000 DH,Occasion,Terrain à vendre à Route de l'Ourika.,Terrain
234 m²,,1 755 000 DH,Occasion,Vente terrain à la T 2,Terrain
120 m²,Tanger,260 000 DH,Occasion,Terrain 120 m² à vendre à Tanger –,Terrain
1489 m²,Mohammedia,12 000 000 DH,Occasion,UNIQUE. – Deux Terrains Rares front de Mer – Mannesmann Moha...,Terrain
200 m²,Tétouan,15 000 DH,Occasion,"Saniat Errmel, Tétouan",Terrain
262 m²,Tit Mellil,1 388 600 DH,Occasion,Terrain à vendre à Tit Mellil,Terrain
335 m²,Settat,603 000 DH,Occasion,Beau terrain pour villa à vendre à Settat,Terrain pour villa
117 m²,Berrechid,356 850 DH,Occasion,Terrain à acheter à Ouislane. Surface de 117 m²,Terrain
180 m²,Settat,414 000 DH,Occasion,Terrain à vendre Route Ouled Said à Settat,Terrain
480 m²,el Jadida,2 203 400 DH,Occasion,Terrain pour Villa 480 m² à Sala el Jadida,Terrain pour villa
770 m²,Jnane Soualem,1 247 400 DH,Occasion,Terrain à vendre à Jnane Soualem,Terrain
,Casablanca,964 480 DH,Neuf,Plateaux bureaux & Locaux commerciaux,Terrain
150 m²,Béni Yakhlef,735 000 DH,Occasion,Terrain à la vente à Beni Yakhlef Mohemmadia,Terrain
150 m²,Béni Yakhlef,705 000 DH,Occasion,Terrain à la vente à Béni Yakhlef Mohemmadia,Terrain
288 m²,Tit Mellil,1 382 400 DH,Occasion,Terrain à la vente à Tit Mellil,Terrain
150 m²,Béni Yakhlef,675 000 DH,Occasion,Terrain à vendre à Beni Yakhlef Mohemmadia,Terrain
303 m²,Had Soualem,1 363 500 DH,Occasion,Vente terrain à Had Soualem,Terrain
91 m²,Settat,298 480 DH,Occasion,Terrain à vendre Route Ouled Said à Settat,Terrain
217 m²,Settat,531 650 DH,Occasion,Terrain à vendre Route Ouled Said à Settat,Terrain
493 m²,Had Soualem,1 257 660 DH,Occasion,Terrain en vente à Had Soualem. Surface de 493 m²,Terrain
537 m²,Casablanca,9 397 500 DH,Occasion,Vente terrain à Ain Diab. Surface totale 537 m²,Terrain
17200 m²,Tit Mellil,17 200 000 DH,Occasion,Beau terrain à la vente à Tit Mellil.,Terrain
271 m²,Casablanca,9 200 000 DH,Occasion,Terrain à vendre sur Gauthier,Terrain
50000 m²,Marrakech,50 000 000 DH,Occasion,Terrain à vendre à Route de l'Ourika. Surface totale 50000 m...,Terrain
957 m²,Casablanca,15 500 000 DH,Occasion,Villa a démolir sur Chantilly 957 m,Terrain pour villa
101 m²,,398 950 DH,Occasion,Terrain à vendre à Oualidia,Terrain
101 m²,,398 950 DH,Occasion,Beau terrain à vendre à Oualidia,Terrain
298 m²,Nador,983 400 DH,Occasion,Vente de terrain à Plage Oued Cherrat,Terrain
10680 m²,Marrakech,2 500 000 DH,Occasion,"Terrain titré 1,68 ha à 23 km de Marrakech",Terrain
96 m²,Tiznit,420 000 DH,Occasion,Vente terrain à Tiznit. Surface totale 96 m²,Terrain
11760 m²,Marrakech,3 000 000 DH,Occasion,Terrain à vendre à Route de l'Ourika.,Terrain
234 m²,,1 755 000 DH,Occasion,Vente terrain à la T 2,Terrain
120 m²,Tanger,260 000 DH,Occasion,Terrain 120 m² à vendre à Tanger –,Terrain
1489 m²,Mohammedia,12 000 000 DH,Occasion,UNIQUE. – Deux Terrains Rares front de Mer – Mannesmann Moha...,Terrain
200 m²,Tétouan,15 000 DH,Occasion,"Saniat Errmel, Tétouan",Terrain
